{
  "kind": "collectionType",
  "collectionName": "activities",
  "info": {
    "singularName": "activity",
    "pluralName": "activities",
    "displayName": "Activity"
  },
  "options": {
    "draftAndPublish": true
  },
  "pluginOptions": {
    "i18n": {
      "localized": true
    }
  },
  "attributes": {
    "title": {
      "type": "string",
      "required": true,
      "pluginOptions": {
        "i18n": {
          "localized": true
        }
      }
    },
    "slug": {
      "type": "uid",
      "targetField": "title",
      "required": true
    },
    "description": {
      "type": "richtext",
      "pluginOptions": {
        "i18n": {
          "localized": true
        }
      }
    },
    "dateRange": {
      "type": "string",
      "pluginOptions": {
        "i18n": {
          "localized": true
        }
      }
    },
    "gallery": {
      "type": "component",
      "repeatable": true,
      "component": "media.gallery-item"
    },
    "status": {
      "type": "enumeration",
      "enum": [
        "planned",
        "ongoing",
        "completed"
      ],
      "default": "planned"
    }
  }
}

