{
  "kind": "singleType",
  "collectionName": "gallery_single",
  "info": {
    "singularName": "gallery",
    "pluralName": "galleries",
    "displayName": "Gallery"
  },
  "options": {
    "draftAndPublish": true
  },
  "pluginOptions": {
    "i18n": {
      "localized": true
    }
  },
  "attributes": {
    "title": {
      "type": "string",
      "pluginOptions": {
        "i18n": {
          "localized": true
        }
      }
    },
    "items": {
      "type": "component",
      "repeatable": true,
      "component": "media.gallery-item"
    }
  }
}

