{
  "kind": "collectionType",
  "collectionName": "publications",
  "info": {
    "singularName": "publication",
    "pluralName": "publications",
    "displayName": "Publication"
  },
  "options": {
    "draftAndPublish": true
  },
  "pluginOptions": {
    "i18n": {
      "localized": true
    }
  },
  "attributes": {
    "title": {
      "type": "string",
      "required": true,
      "pluginOptions": {
        "i18n": {
          "localized": true
        }
      }
    },
    "slug": {
      "type": "uid",
      "targetField": "title",
      "required": true
    },
    "abstract": {
      "type": "richtext",
      "pluginOptions": {
        "i18n": {
          "localized": true
        }
      }
    },
    "file": {
      "type": "media",
      "multiple": false,
      "allowedTypes": [
        "files"
      ]
    },
    "coverImage": {
      "type": "media",
      "multiple": false,
      "allowedTypes": [
        "images"
      ]
    },
    "authors": {
      "type": "json"
    },
    "year": {
      "type": "integer"
    },
    "tags": {
      "type": "json"
    },
    "category": {
      "type": "relation",
      "relation": "manyToOne",
      "target": "api::publication-category.publication-category",
      "inversedBy": "publications"
    }
  }
}

