{
  "collectionName": "components_media_gallery_items",
  "info": {
    "displayName": "Gallery Item"
  },
  "options": {},
  "attributes": {
    "title": {
      "type": "string",
      "pluginOptions": {
        "i18n": {
          "localized": true
        }
      }
    },
    "description": {
      "type": "text",
      "pluginOptions": {
        "i18n": {
          "localized": true
        }
      }
    },
    "image": {
      "type": "media",
      "multiple": false,
      "allowedTypes": [
        "images"
      ]
    },
    "link": {
      "type": "string"
    }
  }
}

