{
  "kind": "collectionType",
  "collectionName": "research_areas",
  "info": {
    "singularName": "research-area",
    "pluralName": "research-areas",
    "displayName": "Research Area"
  },
  "options": {
    "draftAndPublish": true
  },
  "pluginOptions": {
    "i18n": {
      "localized": true
    }
  },
  "attributes": {
    "title": {
      "type": "string",
      "required": true,
      "pluginOptions": {
        "i18n": {
          "localized": true
        }
      }
    },
    "slug": {
      "type": "uid",
      "targetField": "title",
      "required": true
    },
    "bannerImage": {
      "type": "media",
      "multiple": false,
      "allowedTypes": [
        "images"
      ]
    },
    "description": {
      "type": "richtext",
      "pluginOptions": {
        "i18n": {
          "localized": true
        }
      }
    },
    "publications": {
      "type": "relation",
      "relation": "manyToMany",
      "target": "api::publication.publication"
    }
  }
}

