{
  "kind": "collectionType",
  "collectionName": "news_articles",
  "info": {
    "singularName": "news-article",
    "pluralName": "news-articles",
    "displayName": "News Article"
  },
  "options": {
    "draftAndPublish": true
  },
  "pluginOptions": {
    "i18n": {
      "localized": true
    }
  },
  "attributes": {
    "headline": {
      "type": "string",
      "required": true,
      "pluginOptions": {
        "i18n": {
          "localized": true
        }
      }
    },
    "slug": {
      "type": "uid",
      "targetField": "headline",
      "required": true
    },
    "excerpt": {
      "type": "text",
      "pluginOptions": {
        "i18n": {
          "localized": true
        }
      }
    },
    "body": {
      "type": "richtext",
      "pluginOptions": {
        "i18n": {
          "localized": true
        }
      }
    },
    "heroImage": {
      "type": "media",
      "multiple": false,
      "allowedTypes": [
        "images"
      ]
    },
    "gallery": {
      "type": "component",
      "repeatable": true,
      "component": "media.gallery-item"
    },
    "publishedDate": {
      "type": "date"
    },
    "trending": {
      "type": "boolean",
      "default": false
    },
    "category": {
      "type": "relation",
      "relation": "manyToOne",
      "target": "api::news-category.news-category",
      "inversedBy": "articles"
    }
  }
}

