{
  "kind": "singleType",
  "collectionName": "ethics_faq_single",
  "info": {
    "singularName": "ethics-faq",
    "pluralName": "ethics-faqs",
    "displayName": "Ethics FAQ"
  },
  "options": {
    "draftAndPublish": true
  },
  "pluginOptions": {
    "i18n": {
      "localized": true
    }
  },
  "attributes": {
    "title": {
      "type": "string",
      "pluginOptions": {
        "i18n": {
          "localized": true
        }
      }
    },
    "faqs": {
      "type": "component",
      "repeatable": true,
      "component": "faq.faq-item"
    }
  }
}

