{
  "kind": "collectionType",
  "collectionName": "members",
  "info": {
    "singularName": "member",
    "pluralName": "members",
    "displayName": "Member"
  },
  "options": {
    "draftAndPublish": true
  },
  "pluginOptions": {
    "i18n": {
      "localized": true
    }
  },
  "attributes": {
    "fullName": {
      "type": "string",
      "required": true,
      "pluginOptions": {
        "i18n": {
          "localized": true
        }
      }
    },
    "slug": {
      "type": "uid",
      "targetField": "fullName",
      "required": true
    },
    "position": {
      "type": "string",
      "pluginOptions": {
        "i18n": {
          "localized": true
        }
      }
    },
    "photo": {
      "type": "media",
      "multiple": false,
      "allowedTypes": [
        "images"
      ]
    },
    "joiningDate": {
      "type": "date"
    },
    "yearsOfService": {
      "type": "integer"
    },
    "shortBio": {
      "type": "text",
      "pluginOptions": {
        "i18n": {
          "localized": true
        }
      }
    },
    "category": {
      "type": "relation",
      "relation": "manyToOne",
      "target": "api::member-category.member-category",
      "inversedBy": "members"
    }
  }
}

