{
  "kind": "collectionType",
  "collectionName": "tools",
  "info": {
    "singularName": "tool",
    "pluralName": "tools",
    "displayName": "Tool"
  },
  "options": {
    "draftAndPublish": true
  },
  "pluginOptions": {
    "i18n": {
      "localized": true
    }
  },
  "attributes": {
    "name": {
      "type": "string",
      "required": true,
      "pluginOptions": {
        "i18n": {
          "localized": true
        }
      }
    },
    "slug": {
      "type": "uid",
      "targetField": "name",
      "required": true
    },
    "description": {
      "type": "text",
      "pluginOptions": {
        "i18n": {
          "localized": true
        }
      }
    },
    "format": {
      "type": "enumeration",
      "enum": [
        "calculator",
        "pdf",
        "poster",
        "form",
        "other"
      ]
    },
    "link": {
      "type": "string"
    },
    "file": {
      "type": "media",
      "multiple": false,
      "allowedTypes": [
        "files",
        "images"
      ]
    },
    "offlineAvailable": {
      "type": "boolean",
      "default": false
    },
    "tags": {
      "type": "json"
    }
  }
}

