{
  "kind": "collectionType",
  "collectionName": "guidelines",
  "info": {
    "singularName": "guideline",
    "pluralName": "guidelines",
    "displayName": "Guideline"
  },
  "options": {
    "draftAndPublish": true
  },
  "pluginOptions": {
    "i18n": {
      "localized": true
    }
  },
  "attributes": {
    "title": {
      "type": "string",
      "required": true,
      "pluginOptions": {
        "i18n": {
          "localized": true
        }
      }
    },
    "slug": {
      "type": "uid",
      "targetField": "title",
      "required": true
    },
    "summary": {
      "type": "text",
      "pluginOptions": {
        "i18n": {
          "localized": true
        }
      }
    },
    "file": {
      "type": "media",
      "multiple": false,
      "allowedTypes": [
        "files"
      ]
    },
    "format": {
      "type": "string"
    },
    "category": {
      "type": "string",
      "pluginOptions": {
        "i18n": {
          "localized": true
        }
      }
    },
    "lastUpdated": {
      "type": "date"
    }
  }
}

