{
  "kind": "collectionType",
  "collectionName": "training_programs",
  "info": {
    "singularName": "training-program",
    "pluralName": "training-programs",
    "displayName": "Training Program"
  },
  "options": {
    "draftAndPublish": true
  },
  "pluginOptions": {
    "i18n": {
      "localized": true
    }
  },
  "attributes": {
    "title": {
      "type": "string",
      "required": true,
      "pluginOptions": {
        "i18n": {
          "localized": true
        }
      }
    },
    "slug": {
      "type": "uid",
      "targetField": "title",
      "required": true
    },
    "summary": {
      "type": "text",
      "pluginOptions": {
        "i18n": {
          "localized": true
        }
      }
    },
    "duration": {
      "type": "string",
      "pluginOptions": {
        "i18n": {
          "localized": true
        }
      }
    },
    "format": {
      "type": "enumeration",
      "enum": [
        "in-person",
        "online",
        "blended"
      ]
    },
    "schedule": {
      "type": "string",
      "pluginOptions": {
        "i18n": {
          "localized": true
        }
      }
    },
    "startDate": {
      "type": "date"
    },
    "tags": {
      "type": "json"
    }
  }
}

