{
  "collectionName": "components_sections_hero_sections",
  "info": {
    "displayName": "Hero Section"
  },
  "options": {},
  "attributes": {
    "title": {
      "type": "string",
      "required": true,
      "pluginOptions": {
        "i18n": {
          "localized": true
        }
      }
    },
    "subtitle": {
      "type": "text",
      "pluginOptions": {
        "i18n": {
          "localized": true
        }
      }
    },
    "ctaText": {
      "type": "string",
      "pluginOptions": {
        "i18n": {
          "localized": true
        }
      }
    },
    "ctaUrl": {
      "type": "string"
    },
    "backgroundImage": {
      "type": "media",
      "multiple": false,
      "allowedTypes": [
        "images",
        "files"
      ]
    },
    "alignment": {
      "type": "enumeration",
      "enum": [
        "left",
        "center",
        "right"
      ],
      "default": "left"
    }
  }
}

